scenario,window,percentile,raw_nc_value_1995_2014_baseline,fitted_offset,final_value_1961_1990_baseline,source
SSP1-2.6,2011-2030,5th,0.2641,+0.4983,0.8,derived (this script)
SSP1-2.6,2011-2030,median,0.4041,+0.5564,1.0,derived (this script)
SSP1-2.6,2011-2030,95th,0.5643,+0.5918,1.2,derived (this script)
SSP1-2.6,2021-2040,5th,0.4098,+0.4983,0.9,"ARR Table 1.6.2 (published, untouched)"
SSP1-2.6,2021-2040,median,0.6305,+0.5564,1.2,"ARR Table 1.6.2 (published, untouched)"
SSP1-2.6,2021-2040,95th,0.8875,+0.5918,1.5,"ARR Table 1.6.2 (published, untouched)"
SSP1-2.6,2031-2050,5th,0.4967,+0.4983,1.0,derived (this script)
SSP1-2.6,2031-2050,median,0.7852,+0.5564,1.3,derived (this script)
SSP1-2.6,2031-2050,95th,1.1336,+0.5918,1.7,derived (this script)
SSP1-2.6,2041-2060,5th,0.5376,+0.4983,1.0,"ARR Table 1.6.2 (published, untouched)"
SSP1-2.6,2041-2060,median,0.8827,+0.5564,1.4,"ARR Table 1.6.2 (published, untouched)"
SSP1-2.6,2041-2060,95th,1.3191,+0.5918,1.9,"ARR Table 1.6.2 (published, untouched)"
SSP1-2.6,2051-2070,5th,0.5554,+0.4983,1.1,derived (this script)
SSP1-2.6,2051-2070,median,0.9359,+0.5564,1.5,derived (this script)
SSP1-2.6,2051-2070,95th,1.4138,+0.5918,2.0,derived (this script)
SSP1-2.6,2061-2080,5th,0.5591,+0.4983,1.1,derived (this script)
SSP1-2.6,2061-2080,median,0.9502,+0.5564,1.5,derived (this script)
SSP1-2.6,2061-2080,95th,1.4573,+0.5918,2.0,derived (this script)
SSP1-2.6,2071-2090,5th,0.5436,+0.4983,1.0,derived (this script)
SSP1-2.6,2071-2090,median,0.9368,+0.5564,1.5,derived (this script)
SSP1-2.6,2071-2090,95th,1.4772,+0.5918,2.1,derived (this script)
SSP1-2.6,2081-2100,5th,0.5070,+0.4983,1.0,"ARR Table 1.6.2 (published, untouched)"
SSP1-2.6,2081-2100,median,0.9043,+0.5564,1.5,"ARR Table 1.6.2 (published, untouched)"
SSP1-2.6,2081-2100,95th,1.4826,+0.5918,2.1,"ARR Table 1.6.2 (published, untouched)"
SSP2-4.5,2011-2030,5th,0.2699,+0.4983,0.8,derived (this script)
SSP2-4.5,2011-2030,median,0.4058,+0.5564,1.0,derived (this script)
SSP2-4.5,2011-2030,95th,0.5628,+0.5918,1.2,derived (this script)
SSP2-4.5,2021-2040,5th,0.4425,+0.4983,0.9,"ARR Table 1.6.2 (published, untouched)"
SSP2-4.5,2021-2040,median,0.6562,+0.5564,1.2,"ARR Table 1.6.2 (published, untouched)"
SSP2-4.5,2021-2040,95th,0.9034,+0.5918,1.5,"ARR Table 1.6.2 (published, untouched)"
SSP2-4.5,2031-2050,5th,0.6148,+0.4983,1.1,derived (this script)
SSP2-4.5,2031-2050,median,0.8869,+0.5564,1.4,derived (this script)
SSP2-4.5,2031-2050,95th,1.2332,+0.5918,1.8,derived (this script)
SSP2-4.5,2041-2060,5th,0.7803,+0.4983,1.3,"ARR Table 1.6.2 (published, untouched)"
SSP2-4.5,2041-2060,median,1.1233,+0.5564,1.7,"ARR Table 1.6.2 (published, untouched)"
SSP2-4.5,2041-2060,95th,1.5734,+0.5918,2.2,"ARR Table 1.6.2 (published, untouched)"
SSP2-4.5,2051-2070,5th,0.9230,+0.4983,1.4,derived (this script)
SSP2-4.5,2051-2070,median,1.3362,+0.5564,1.9,derived (this script)
SSP2-4.5,2051-2070,95th,1.8782,+0.5918,2.5,derived (this script)
SSP2-4.5,2061-2080,5th,1.0516,+0.4983,1.5,derived (this script)
SSP2-4.5,2061-2080,median,1.5158,+0.5564,2.1,derived (this script)
SSP2-4.5,2061-2080,95th,2.1503,+0.5918,2.7,derived (this script)
SSP2-4.5,2071-2090,5th,1.1580,+0.4983,1.7,derived (this script)
SSP2-4.5,2071-2090,median,1.6772,+0.5564,2.2,derived (this script)
SSP2-4.5,2071-2090,95th,2.3788,+0.5918,3.0,derived (this script)
SSP2-4.5,2081-2100,5th,1.2439,+0.4983,1.8,"ARR Table 1.6.2 (published, untouched)"
SSP2-4.5,2081-2100,median,1.8148,+0.5564,2.4,"ARR Table 1.6.2 (published, untouched)"
SSP2-4.5,2081-2100,95th,2.5850,+0.5918,3.2,"ARR Table 1.6.2 (published, untouched)"
SSP3-7.0,2011-2030,5th,0.2590,+0.4983,0.8,derived (this script)
SSP3-7.0,2011-2030,median,0.3966,+0.5564,1.0,derived (this script)
SSP3-7.0,2011-2030,95th,0.5568,+0.5918,1.1,derived (this script)
SSP3-7.0,2021-2040,5th,0.4457,+0.4983,0.9,"ARR Table 1.6.2 (published, untouched)"
SSP3-7.0,2021-2040,median,0.6674,+0.5564,1.2,"ARR Table 1.6.2 (published, untouched)"
SSP3-7.0,2021-2040,95th,0.9190,+0.5918,1.5,"ARR Table 1.6.2 (published, untouched)"
SSP3-7.0,2031-2050,5th,0.6725,+0.4983,1.2,derived (this script)
SSP3-7.0,2031-2050,median,0.9651,+0.5564,1.5,derived (this script)
SSP3-7.0,2031-2050,95th,1.3170,+0.5918,1.9,derived (this script)
SSP3-7.0,2041-2060,5th,0.9164,+0.4983,1.4,"ARR Table 1.6.2 (published, untouched)"
SSP3-7.0,2041-2060,median,1.2832,+0.5564,1.8,"ARR Table 1.6.2 (published, untouched)"
SSP3-7.0,2041-2060,95th,1.7497,+0.5918,2.3,"ARR Table 1.6.2 (published, untouched)"
SSP3-7.0,2051-2070,5th,1.1670,+0.4983,1.7,derived (this script)
SSP3-7.0,2051-2070,median,1.6231,+0.5564,2.2,derived (this script)
SSP3-7.0,2051-2070,95th,2.2062,+0.5918,2.8,derived (this script)
SSP3-7.0,2061-2080,5th,1.4224,+0.4983,1.9,derived (this script)
SSP3-7.0,2061-2080,median,1.9872,+0.5564,2.5,derived (this script)
SSP3-7.0,2061-2080,95th,2.6931,+0.5918,3.3,derived (this script)
SSP3-7.0,2071-2090,5th,1.7057,+0.4983,2.2,derived (this script)
SSP3-7.0,2071-2090,median,2.3683,+0.5564,2.9,derived (this script)
SSP3-7.0,2071-2090,95th,3.2035,+0.5918,3.8,derived (this script)
SSP3-7.0,2081-2100,5th,1.9975,+0.4983,2.5,"ARR Table 1.6.2 (published, untouched)"
SSP3-7.0,2081-2100,median,2.7564,+0.5564,3.3,"ARR Table 1.6.2 (published, untouched)"
SSP3-7.0,2081-2100,95th,3.7456,+0.5918,4.3,"ARR Table 1.6.2 (published, untouched)"
SSP5-8.5,2011-2030,5th,0.2930,+0.4983,0.8,derived (this script)
SSP5-8.5,2011-2030,median,0.4335,+0.5564,1.0,derived (this script)
SSP5-8.5,2011-2030,95th,0.6068,+0.5918,1.2,derived (this script)
SSP5-8.5,2021-2040,5th,0.5148,+0.4983,1.0,"ARR Table 1.6.2 (published, untouched)"
SSP5-8.5,2021-2040,median,0.7604,+0.5564,1.3,"ARR Table 1.6.2 (published, untouched)"
SSP5-8.5,2021-2040,95th,1.0369,+0.5918,1.6,"ARR Table 1.6.2 (published, untouched)"
SSP5-8.5,2031-2050,5th,0.7708,+0.4983,1.3,derived (this script)
SSP5-8.5,2031-2050,median,1.1235,+0.5564,1.7,derived (this script)
SSP5-8.5,2031-2050,95th,1.5159,+0.5918,2.1,derived (this script)
SSP5-8.5,2041-2060,5th,1.0830,+0.4983,1.6,"ARR Table 1.6.2 (published, untouched)"
SSP5-8.5,2041-2060,median,1.5429,+0.5564,2.1,"ARR Table 1.6.2 (published, untouched)"
SSP5-8.5,2041-2060,95th,2.0785,+0.5918,2.7,"ARR Table 1.6.2 (published, untouched)"
SSP5-8.5,2051-2070,5th,1.4123,+0.4983,1.9,derived (this script)
SSP5-8.5,2051-2070,median,1.9949,+0.5564,2.6,derived (this script)
SSP5-8.5,2051-2070,95th,2.6930,+0.5918,3.3,derived (this script)
SSP5-8.5,2061-2080,5th,1.7324,+0.4983,2.2,derived (this script)
SSP5-8.5,2061-2080,median,2.4794,+0.5564,3.0,derived (this script)
SSP5-8.5,2061-2080,95th,3.3639,+0.5918,4.0,derived (this script)
SSP5-8.5,2071-2090,5th,2.0879,+0.4983,2.6,derived (this script)
SSP5-8.5,2071-2090,median,2.9833,+0.5564,3.5,derived (this script)
SSP5-8.5,2071-2090,95th,4.0771,+0.5918,4.7,derived (this script)
SSP5-8.5,2081-2100,5th,2.4421,+0.4983,3.0,"ARR Table 1.6.2 (published, untouched)"
SSP5-8.5,2081-2100,median,3.5006,+0.5564,4.1,"ARR Table 1.6.2 (published, untouched)"
SSP5-8.5,2081-2100,95th,4.8173,+0.5918,5.4,"ARR Table 1.6.2 (published, untouched)"
SSP1-1.9 (not used by the app),2011-2030,5th,0.2663,+0.4983,0.8,derived (this script)
SSP1-1.9 (not used by the app),2011-2030,median,0.4017,+0.5564,1.0,derived (this script)
SSP1-1.9 (not used by the app),2011-2030,95th,0.5455,+0.5918,1.1,derived (this script)
SSP1-1.9 (not used by the app),2021-2040,5th,0.3850,+0.4983,,"ARR Table 1.6.2 (published, untouched)"
SSP1-1.9 (not used by the app),2021-2040,median,0.6091,+0.5564,,"ARR Table 1.6.2 (published, untouched)"
SSP1-1.9 (not used by the app),2021-2040,95th,0.8507,+0.5918,,"ARR Table 1.6.2 (published, untouched)"
SSP1-1.9 (not used by the app),2031-2050,5th,0.4218,+0.4983,0.9,derived (this script)
SSP1-1.9 (not used by the app),2031-2050,median,0.7041,+0.5564,1.3,derived (this script)
SSP1-1.9 (not used by the app),2031-2050,95th,1.0171,+0.5918,1.6,derived (this script)
SSP1-1.9 (not used by the app),2041-2060,5th,0.4030,+0.4983,,"ARR Table 1.6.2 (published, untouched)"
SSP1-1.9 (not used by the app),2041-2060,median,0.7146,+0.5564,,"ARR Table 1.6.2 (published, untouched)"
SSP1-1.9 (not used by the app),2041-2060,95th,1.0689,+0.5918,,"ARR Table 1.6.2 (published, untouched)"
SSP1-1.9 (not used by the app),2051-2070,5th,0.3575,+0.4983,0.9,derived (this script)
SSP1-1.9 (not used by the app),2051-2070,median,0.6866,+0.5564,1.2,derived (this script)
SSP1-1.9 (not used by the app),2051-2070,95th,1.0673,+0.5918,1.7,derived (this script)
SSP1-1.9 (not used by the app),2061-2080,5th,0.3154,+0.4983,0.8,derived (this script)
SSP1-1.9 (not used by the app),2061-2080,median,0.6493,+0.5564,1.2,derived (this script)
SSP1-1.9 (not used by the app),2061-2080,95th,1.0420,+0.5918,1.6,derived (this script)
SSP1-1.9 (not used by the app),2071-2090,5th,0.2828,+0.4983,0.8,derived (this script)
SSP1-1.9 (not used by the app),2071-2090,median,0.6093,+0.5564,1.2,derived (this script)
SSP1-1.9 (not used by the app),2071-2090,95th,1.0016,+0.5918,1.6,derived (this script)
SSP1-1.9 (not used by the app),2081-2100,5th,0.2423,+0.4983,,"ARR Table 1.6.2 (published, untouched)"
SSP1-1.9 (not used by the app),2081-2100,median,0.5643,+0.5564,,"ARR Table 1.6.2 (published, untouched)"
SSP1-1.9 (not used by the app),2081-2100,95th,0.9575,+0.5918,,"ARR Table 1.6.2 (published, untouched)"
